<?xml version="1.0" encoding="UTF-8"?>
<project-private xmlns="http://www.netbeans.org/ns/project-private/1">
    <editor-bookmarks xmlns="http://www.netbeans.org/ns/editor-bookmarks/2" lastBookmarkId="0"/>
    <open-files xmlns="http://www.netbeans.org/ns/projectui-open-files/2">
        <group>
            <file>file:/C:/Users/LoL/Desktop/NetBeans/GFOS/src/java/sophie/Arbeitsgruppe.java</file>
            <file>file:/C:/Users/LoL/Desktop/NetBeans/GFOS/src/java/sophie/RestService.java</file>
            <file>file:/C:/Users/LoL/Desktop/NetBeans/GFOS/src/java/sophie/ImplRestService.java</file>
            <file>file:/C:/Users/LoL/Desktop/NetBeans/GFOS/src/java/sophie/Mitarbeiter.java</file>
            <file>file:/C:/Users/LoL/Desktop/NetBeans/GFOS/src/java/sophie/SQLQuery.java</file>
        </group>
    </open-files>
</project-private>
